,pdb,interface_ave_plddt
0,7q0g,87.08534883720931
1,7q0i,77.8484
2,7pi7,91.62055555555558
3,7f7e,82.52031249999999
4,7n4i,94.25
5,7mdj,94.2562162162162
6,7s0b,90.69295454545454
7,7qu2,94.84925000000001
8,7nx3,82.04439024390244
9,7lfb,95.17564102564104
10,7m3n,93.77757575757575
11,7mzf,92.28849999999998
12,7kpj,62.12586206896552
13,7pr0,88.2262222222222
14,7mzh,90.9972972972973
15,7e5o,93.62666666666667
16,7qnw,88.44939393939394
17,7k9j,93.38162162162163
18,7qny,90.40433962264152
19,7mzi,94.35285714285712
20,7e9b,89.63062500000001
21,7r8l,93.39857142857142
22,7mzg,93.23166666666667
23,7daa,91.918
24,7ps2,89.64148936170211
25,7si0,91.64277777777778
26,7e72,93.63813953488372
27,7or9,85.41142857142859
28,7vux,88.57408163265308
29,7ps4,92.10749999999999
30,7bbj,96.33936170212766
31,7sem,89.31960784313723
32,7phw,80.46533333333333
33,7s11,86.15648648648649
34,7np1,90.81437499999998
35,7cj2,93.89603773584903
36,7n3i,93.95230769230768
37,7rah,93.22533333333334
38,7n0u,93.73625
39,7rks,84.53854166666667
40,7kn3,91.80857142857144
41,7n4j,87.28818181818183
42,7rco,89.46290322580644
43,7lr4,84.94285714285714
44,7lr3,94.8247222222222
45,7qu1,87.37478260869565
46,7rfb,78.90595744680851
47,7l7r,93.08447368421052
48,7pqy,94.11235294117648
49,7msq,81.47305555555556
50,7mzk,90.375
51,7shz,91.71179487179488
52,7r89,78.61157894736841
53,7lfa,88.99030303030301
54,7kyo,92.59687500000001
55,7o52,92.98042553191489
56,7mzj,87.22152173913044
57,7lf7,93.63741935483871
58,7shu,91.67594594594595
59,7e3o,86.6124074074074
60,7ps6,83.11166666666668
61,7kql,85.78191489361703
62,7bnv,82.43483870967741
63,7ps1,91.11982142857141
64,7mrz,91.92020833333333
65,7dk2,90.48050000000002
66,7seg,93.73871794871796
67,7so9,88.11318181818181
68,7k7h,93.7476923076923
69,7ps0,88.69625000000002
70,7n3c,85.98666666666668
71,7s4s,90.71642857142857
72,7kez,83.49027777777776
73,7n3d,87.2789189189189
74,7stz,93.39628571428571
75,7kf0,86.44235294117647
76,7kf1,91.50343750000002
77,7phu,84.0786
78,6xsw,92.37433962264151
79,7s13,89.74307692307694
